,id,spacegroup,number_of_total_atoms,percent_atom_al,percent_atom_ga,percent_atom_in,lattice_vector_1_ang,lattice_vector_2_ang,lattice_vector_3_ang,lattice_angle_alpha_degree,lattice_angle_beta_degree,lattice_angle_gamma_degree
0,1,33,80.0,0.1875,0.4688,0.3438,10.5381,9.0141,9.6361,89.9997,90.0003,90.0006
1,2,33,80.0,0.75,0.25,0.0,9.8938,8.5014,9.1298,90.0038,90.0023,90.0015
2,3,167,30.0,0.6667,0.1667,0.1667,4.9811,4.9808,13.4799,89.99,90.0109,120.0014
3,4,12,80.0,0.5625,0.4375,0.0,24.337,6.0091,5.7620000000000005,89.9995,103.8581,90.0002
4,5,12,80.0,0.1875,0.5,0.3125,24.6443,6.2906,6.1589,90.0,104.5929,90.0001
5,6,33,40.0,1.0,0.0,0.0,4.8885,8.4018,9.0344,90.0061,90.0024,90.0013
6,7,167,30.0,0.3333,0.6667,0.0,4.9772,4.9768,13.4593,89.9952,90.0061,120.0005
7,8,33,80.0,0.1875,0.6875,0.125,10.2955,8.8306,9.4505,89.9988,90.0014,90.0013
8,9,33,80.0,0.3125,0.6875,0.0,10.0984,8.6759,9.2968,89.9995,90.0021,90.0019
9,10,206,80.0,0.75,0.0,0.25,9.3111,9.3105,9.3108,90.0016,90.0026,89.9993
10,11,167,30.0,0.1667,0.5,0.3333,5.1913,5.1908,13.9162,89.9979,90.0023,120.0006
11,12,167,30.0,0.25,0.6667,0.0833,5.041,5.0406,13.5943,89.9967,90.0044,120.0004
12,13,194,80.0,0.25,0.3125,0.4375,6.6253,6.625,24.4733,90.0104,90.0033,119.9913
13,14,227,40.0,0.4375,0.5625,0.0,9.9758,5.7765,14.2297,90.7296,90.8478,30.2926
14,15,206,80.0,0.0312,0.0938,0.875,10.1664,10.1664,10.1666,90.0009,90.0008,89.9987
15,16,194,80.0,0.9375,0.0312,0.0312,6.1149,6.1145,23.4343,90.0072,90.0037,120.0055
16,17,206,80.0,0.25,0.375,0.375,9.6314,9.6312,9.6312,90.0028,90.0029,89.9967
17,18,206,80.0,0.4375,0.3125,0.25,9.442,9.4417,9.4417,90.0029,90.0032,89.9971
18,19,194,80.0,0.5312,0.0312,0.4375,6.537000000000001,6.5365,24.2617,90.0158,90.0126,119.9941
19,20,12,80.0,0.25,0.2812,0.4688,24.5381,6.3603,6.3066,90.0,105.0163,90.0001
20,21,33,40.0,0.0,0.875,0.125,5.1916,8.9053,9.5221,89.9969,90.0011,90.0013
21,22,33,80.0,0.5938,0.2812,0.125,10.1055,8.6686,9.2955,90.0028,90.0019,90.0012
22,23,12,80.0,0.3438,0.2812,0.375,24.4654,6.2812,6.1912,89.9998,104.8096,90.0001
23,24,33,80.0,0.75,0.0938,0.1562,10.0671,8.6325,9.2623,90.0044,90.0019,90.001
24,25,12,80.0,0.3438,0.6562,0.0,24.5644,6.0713,5.8068,89.9997,103.78,90.0002
25,26,12,80.0,0.0,0.25,0.75,24.7238,6.5888,6.6469,90.0003,105.6108,90.0
26,27,33,80.0,0.2812,0.1562,0.5625,10.7369,9.1603,9.7859,90.0014,89.9992,90.0004
27,28,167,30.0,0.25,0.3333,0.4167,5.2138,5.2134,13.9681,89.9966,90.0034,120.0009
28,29,206,80.0,0.0,0.4062,0.5938,9.9301,9.9301,9.9301,90.0025,90.0022,89.9966
29,30,167,30.0,0.3333,0.1667,0.5,5.2364,5.2360000000000015,14.0199,89.9952,90.0046,120.0012
30,31,33,40.0,0.1875,0.0625,0.75,5.4944,9.355,9.9808,90.0011,89.9977,90.0003
31,32,12,80.0,0.375,0.3438,0.2812,24.4576,6.2198,6.0886,89.9998,104.5748,90.0001
32,33,194,80.0,0.0,0.75,0.25,6.5694,6.5693,24.4204,89.9948,90.0039,119.9908
33,34,12,80.0,0.4062,0.2188,0.375,24.4004,6.2634,6.1785,89.9998,104.8311,90.0001
34,35,206,80.0,0.0312,0.0312,0.9375,10.2218,10.2218,10.2221,90.0006,90.0006,89.9992
35,36,33,80.0,0.0625,0.0,0.9375,11.2551,9.5622,10.1876,90.0004,89.99600000000002,90.0004
36,37,167,30.0,0.75,0.0833,0.1667,4.9604,4.9602,13.4383,89.9886,90.0123,120.0016
37,38,167,60.0,0.0,0.5833,0.4167,10.5515,5.2752,14.0928,90.0002,89.9996,120.0004
38,39,33,80.0,0.5,0.125,0.375,10.4266,8.9158,9.5433,90.0029,90.0007,90.0006
39,40,206,80.0,0.5312,0.4688,0.0,9.1811,9.1807,9.1806,90.0043,90.0045,89.9961
40,41,167,30.0,0.5833,0.4167,0.0,4.9153,4.915,13.3346,89.9909,90.0103,120.0011
41,42,33,80.0,0.75,0.125,0.125,10.0325,8.6063,9.2358,90.0043,90.00200000000002,90.0011
42,43,167,30.0,0.5833,0.4167,0.0,4.9153,4.915,13.3346,89.9909,90.0103,120.0011
43,44,206,80.0,0.3125,0.0,0.6875,9.8823,9.8821,9.8824,90.0007,90.0012,89.9993
44,45,227,40.0,0.0625,0.625,0.3125,6.1356,6.1343,14.6716,90.0057,90.0009,119.9982
45,46,12,20.0,0.875,0.125,0.0,12.0062,2.9601,5.6981,89.9991,103.9713,90.0002
46,47,12,80.0,0.4688,0.1562,0.375,24.3355,6.2456,6.1658,89.9997,104.8526,90.0001
47,48,167,30.0,0.4167,0.0,0.5833,5.259,5.2586,14.0718,89.9939,90.0057,120.0015
48,49,194,80.0,0.8438,0.1562,0.0,6.1188,6.1184,23.4644,90.0129,89.9994,120.0051
49,50,206,80.0,0.0,0.4375,0.5625,9.9024,9.9024,9.9023,90.0027,90.0023,89.9964
50,51,12,80.0,0.4062,0.3438,0.25,24.4334,6.1934,6.0501,89.9997,104.5021,90.0001
51,52,33,80.0,0.0,0.75,0.25,10.5218,9.0102,9.6281,89.9974,90.0004,90.0008
52,53,206,80.0,0.4062,0.0,0.5938,9.7599,9.7596,9.7599,90.0009,90.0015,89.9993
53,54,194,80.0,0.6562,0.3125,0.0312,6.1977,6.1974,23.6454,90.0173,89.9998,120.0022
54,55,227,40.0,0.625,0.375,0.0,9.9425,5.7215,14.0782,93.2382,92.8126,30.1332
55,56,227,40.0,0.0,0.25,0.75,10.9686,6.2964,15.7593,100.383,98.8565,30.3211
56,57,206,80.0,0.4062,0.3438,0.25,9.4551,9.4548,9.4548,90.00299999999999,90.0032,89.9969
57,58,194,80.0,0.625,0.3125,0.0625,6.2303,6.2301,23.709,90.0169,90.0013,120.0012
58,59,33,40.0,0.0625,0.1875,0.75,5.5236,9.4049,10.0285,89.9998,89.9974,90.0001
59,60,227,40.0,0.6875,0.3125,0.0,9.908,5.7064,14.0184,92.8796,92.5517,30.141
60,61,227,40.0,0.0,0.125,0.875,11.0828,6.3673,15.9398,100.9507,99.4023,30.3565
61,62,12,80.0,0.3438,0.25,0.4062,24.4571,6.2987,6.2233,89.9998,104.8899,90.0001
62,63,194,80.0,0.5312,0.25,0.2188,6.3748,6.3745,23.9803,90.015,90.0067,119.9974
63,64,194,80.0,0.7812,0.2188,0.0,6.1371,6.1368,23.5114,90.0153,89.9987,120.0044
64,65,194,80.0,0.375,0.125,0.5,6.6318,6.6314,24.4597,90.0152,90.0071,119.9918
65,66,167,30.0,0.1667,0.8333,0.0,5.0185,5.018,13.5425,89.9979,90.0034,120.0001
66,67,167,30.0,0.3333,0.6667,0.0,4.9772,4.9768,13.4593,89.9952,90.0061,120.0005
67,68,206,80.0,0.4062,0.3125,0.2812,9.4828,9.4825,9.4825,90.0028,90.0031,89.9971
68,69,194,80.0,0.8125,0.1875,0.0,6.1279,6.1276,23.4879,90.0142,89.999,120.0047
69,70,194,80.0,0.375,0.4375,0.1875,6.4006,6.4004,24.0576,90.0131,90.0039,119.9961
70,71,33,80.0,0.25,0.75,0.0,10.1276,8.7008,9.3206,89.9989,90.00200000000002,90.0019
71,72,206,80.0,0.4062,0.5938,0.0,9.2335,9.2331,9.2329,90.0048,90.0047,89.9952
72,73,33,40.0,0.125,0.875,0.0,5.093,8.7506,9.3683,89.9976,90.0019,90.00200000000002
73,74,167,60.0,0.0,0.875,0.125,10.2491,5.124,13.7658,90.0006,90.0002,120.0
74,75,33,80.0,0.4062,0.0938,0.5,10.6091,9.058,9.6852,90.0024,89.9999,90.0005
75,76,194,80.0,0.8125,0.125,0.0625,6.1743,6.174,23.5682,90.0124,90.0037,120.0034
76,77,227,40.0,0.3125,0.375,0.3125,10.3436,5.9924,14.761,90.9873,91.1468,30.3373
77,78,33,40.0,0.625,0.0,0.375,5.1841,8.8659,9.4956,90.0041,90.0009,90.0007
78,79,33,80.0,0.4688,0.3438,0.1875,10.2333,8.7709,9.3962,90.0019,90.0015,90.001
79,80,33,80.0,0.25,0.0938,0.6562,10.8555,9.2514,9.8774,90.0014,89.9985,90.0003
80,81,206,80.0,0.5312,0.4688,0.0,9.1811,9.1807,9.1806,90.0043,90.0045,89.9961
81,82,167,30.0,0.4167,0.5833,0.0,4.9566,4.9562,13.4178,89.9938,90.0075,120.0007
82,83,33,80.0,0.1562,0.0938,0.75,11.0033,9.3675,9.9927,90.0008,89.9976,90.0003
83,84,206,80.0,0.0,0.2188,0.7812,10.0964,10.0964,10.0965,90.0015,90.0013,89.9979
84,85,206,80.0,0.5312,0.4688,0.0,9.1811,9.1807,9.1806,90.0043,90.0045,89.9961
85,86,33,80.0,0.75,0.0625,0.1875,10.1018,8.6588,9.2888,90.0046,90.0018,90.001
86,87,33,40.0,0.5625,0.4375,0.0,4.9907,8.5762,9.2014,90.00200000000002,90.0023,90.0017
87,88,33,40.0,0.3125,0.6875,0.0,5.0492,8.6759,9.2968,89.9995,90.0021,90.0019
88,89,167,30.0,0.8333,0.0833,0.0833,4.8966,4.8964,13.3033,89.9868,90.0141,120.0017
89,90,194,80.0,0.4688,0.25,0.2812,6.4405,6.4402,24.1077,90.0144,90.0071,119.9957
90,91,206,80.0,0.8438,0.1562,0.0,9.0502,9.0495,9.0497,90.00299999999999,90.0039,89.9983
91,92,194,80.0,0.0625,0.2188,0.7188,6.894,6.8935,24.9767,90.0097,89.9916,119.9865
92,93,206,80.0,0.4688,0.25,0.2812,9.4566,9.4563,9.4564,90.0026,90.00299999999999,89.9976
93,94,12,80.0,0.0625,0.9375,0.0,24.8567,6.1513,5.8645,90.0001,103.6809,90.0001
94,95,167,30.0,0.3333,0.6667,0.0,4.9772,4.9768,13.4593,89.9952,90.0061,120.0005
95,96,194,80.0,0.2812,0.3125,0.4062,6.5922,6.5919,24.4096,90.01100000000002,90.0041,119.992
96,97,33,80.0,0.5625,0.0938,0.3438,10.3628,8.8646,9.493,90.0034,90.001,90.0007
97,98,12,80.0,0.0,0.6562,0.3438,24.831,6.3614,6.2292,90.0002,104.6112,90.0001
98,99,33,40.0,0.0,0.9375,0.0625,5.1569,8.8529,9.4691,89.9966,90.0015,90.0017
99,100,12,20.0,0.25,0.0,0.75,12.2319,3.2589,6.5962,90.0,105.6922,90.0001
100,101,33,80.0,0.0938,0.625,0.2812,10.5126,8.9991,9.6189,89.9985,90.0004,90.0007
101,102,12,20.0,0.875,0.125,0.0,12.0062,2.9601,5.6981,89.9991,103.9713,90.0002
102,103,33,80.0,0.5,0.1875,0.3125,10.3573,8.8633,9.4903,90.0027,90.001,90.0007
103,104,227,40.0,0.4375,0.375,0.1875,5.9312,5.9309,14.5156,89.9937,90.0055,119.9963
104,105,227,40.0,0.3125,0.625,0.0625,5.8878,5.8879,14.5124,89.9963,90.0019,120.0009
105,106,167,30.0,0.8333,0.0833,0.0833,4.8966,4.8964,13.3033,89.9868,90.0141,120.0017
106,107,167,30.0,0.75,0.1667,0.0833,4.9172,4.917,13.3449,89.9883,90.0127,120.0015
107,108,206,80.0,0.5312,0.2188,0.25,9.4027,9.4023,9.4025,90.0025,90.00299999999999,89.9978
108,109,206,80.0,0.3438,0.4062,0.25,9.4813,9.481,9.481,90.0033,90.0034,89.9965
109,110,33,80.0,0.0,0.125,0.875,11.215,9.5347,10.1584,89.9996,89.9963,90.0001
110,111,227,40.0,0.1875,0.5,0.3125,10.3967,6.0239,14.8421,91.0284,91.1952,30.3483
111,112,167,30.0,0.25,0.75,0.0,4.9979,4.9974,13.5009,89.9966,90.0048,120.0003
112,113,33,80.0,0.5312,0.2188,0.25,10.2734,8.7984,9.4254,90.0027,90.0013,90.0009
113,114,194,10.0,0.75,0.0,0.25,3.1660000000000004,3.1658,11.9281,90.0118,90.0139,119.9992
114,115,194,80.0,0.7812,0.0312,0.1875,6.2763,6.2759,23.7523,90.0113,90.0114,120.0006
115,116,33,80.0,0.6875,0.0625,0.25,10.2003,8.7361,9.3657,90.0042,90.0015,90.0009
116,117,227,40.0,0.5,0.4375,0.0625,10.0676,5.7862,14.2862,94.3021,93.6639,30.1434
117,118,206,80.0,0.5625,0.0,0.4375,9.5559,9.5554,9.5558,90.0012,90.00200000000002,89.9993
118,119,206,80.0,0.4688,0.25,0.2812,9.4566,9.4563,9.4564,90.0026,90.00299999999999,89.9976
119,120,194,80.0,0.25,0.75,0.0,6.3023,6.3023,23.9107,90.012,90.0021,119.9976
120,121,33,80.0,0.625,0.0,0.375,10.3682,8.8659,9.4956,90.0041,90.0009,90.0007
121,122,12,20.0,0.25,0.5,0.25,12.2979,3.1189,6.082000000000002,89.9999,104.4479,90.0001
122,123,206,80.0,0.0312,0.0312,0.9375,10.2218,10.2218,10.2221,90.0006,90.0006,89.9992
123,124,227,40.0,0.0,0.1875,0.8125,6.4848,6.4838,15.0894,90.0149,90.0105,120.0007
124,125,206,80.0,0.2188,0.0312,0.75,9.977,9.9768,9.9771,90.0008,90.0011,89.9991
125,126,206,80.0,0.5625,0.4375,0.0,9.168,9.1675,9.1675,90.0042,90.0044,89.9963
126,127,206,80.0,0.0625,0.9375,0.0,9.3775,9.3775,9.3769,90.0061,90.0053,89.9929
127,128,194,80.0,0.8125,0.0312,0.1562,6.244,6.2436,23.6887,90.0106,90.0103,120.0016
128,129,194,80.0,0.5,0.0625,0.4375,6.5466,6.5461,24.2852,90.0157,90.0113,119.9938
129,130,227,40.0,0.375,0.375,0.25,9.9153,5.8285,14.6127,97.2693,98.5566,31.7218
130,131,167,30.0,0.5,0.4167,0.0833,4.9791,4.9788,13.4696,89.9926,90.0085,120.001
131,132,227,40.0,0.0,0.25,0.75,6.4279,6.426,15.2805,90.0098,89.9998,119.9997
132,133,167,30.0,0.3333,0.6667,0.0,4.9772,4.9768,13.4593,89.9952,90.0061,120.0005
133,134,206,80.0,0.0938,0.375,0.5312,9.8354,9.8354,9.8353,90.0025,90.0023,89.9968
134,135,33,80.0,0.5312,0.3438,0.125,10.1347,8.6935,9.3193,90.0022,90.0018,90.0012
135,136,33,80.0,0.0312,0.125,0.8438,11.1657,9.496,10.12,89.9998,89.9966,90.0001
136,137,33,80.0,0.0312,0.0938,0.875,11.2004,9.5222,10.1465,89.9999,89.9964,90.0002
137,138,206,80.0,0.5625,0.0,0.4375,9.5559,9.5554,9.5558,90.0012,90.00200000000002,89.9993
138,139,12,80.0,0.4062,0.2812,0.3125,24.4169,6.2284,6.1143,89.9997,104.6682,90.0001
139,140,206,80.0,0.3125,0.4375,0.25,9.4944,9.4941,9.4941,90.0034,90.0034,89.9963
140,141,227,40.0,0.3125,0.6875,0.0,9.9402,5.7757,14.286,91.2747,91.48,30.6263
141,142,33,40.0,0.8125,0.0,0.1875,5.0363,8.6338,9.265,90.0051,90.0019,90.0009
142,143,194,80.0,0.7812,0.2188,0.0,6.1371,6.1368,23.5114,90.0153,89.9987,120.0044
143,144,206,80.0,0.0,0.1562,0.8438,10.1518,10.1518,10.152,90.0012,90.001,89.9983
144,145,227,40.0,0.75,0.0,0.25,5.9125,5.912000000000001,14.1751,90.0063,89.9944,119.9996
145,146,33,80.0,0.875,0.125,0.0,9.8354,8.4516,9.0821,90.0049,90.0024,90.0014
146,147,12,20.0,0.125,0.625,0.25,12.3629,3.1367,6.1075,90.0001,104.4048,90.0001
147,148,227,40.0,0.625,0.375,0.0,10.0073,5.763,14.0584,90.7171,90.8248,29.7438
148,149,206,80.0,0.5,0.0938,0.4062,9.5544,9.554,9.5542,90.0016,90.0023,89.9986
149,150,12,80.0,0.0312,0.5,0.4688,24.7655,6.4225,6.3512,90.0002,104.9427,90.0001
150,151,167,30.0,0.1667,0.25,0.5833,5.3209,5.3204,14.1965,89.9973,90.0019,120.001
151,152,167,30.0,0.5,0.5,0.0,4.936,4.9356,13.3762,89.9923,90.0089,120.0009
152,153,206,80.0,0.875,0.125,0.0,9.0371,9.0364,9.0366,90.0029,90.0038,89.9985
153,154,194,80.0,0.9375,0.0625,0.0,6.0917,6.0913,23.3941,90.0081,90.0008,120.0062
154,155,206,80.0,0.0,0.4062,0.5938,9.9301,9.9301,9.9301,90.0025,90.0022,89.9966
155,156,12,20.0,0.375,0.625,0.0,12.2659,3.0312,5.8004,89.9997,103.7911,90.0002
156,157,12,80.0,0.375,0.4062,0.2188,24.4741,6.1848,6.0244,89.9998,104.4069,90.0001
157,158,167,30.0,1.0,0.0,0.0,4.8122,4.812,13.1268,89.9833,90.0174,120.002
158,159,206,80.0,0.8438,0.1562,0.0,9.0502,9.0495,9.0497,90.00299999999999,90.0039,89.9983
159,160,12,80.0,0.1562,0.5,0.3438,24.6685,6.317,6.1973,90.0,104.6643,90.0001
160,161,33,80.0,0.4062,0.3125,0.2812,10.3665,8.8745,9.4996,90.0016,90.001,90.0008
161,162,227,40.0,0.6875,0.0,0.3125,10.1843,5.8981,14.5177,90.8613,90.9981,30.3035
162,163,12,20.0,0.625,0.375,0.0,12.1361,2.9957,5.7492,89.9994,103.8806,90.0002
163,164,227,40.0,0.0,0.3125,0.6875,10.8542,6.2925,15.5045,91.3227,91.5367,30.401
164,165,227,40.0,0.0,0.0625,0.9375,6.5454,6.5445,15.7727,90.0254,90.0154,119.9957
165,166,194,80.0,0.2188,0.0938,0.6875,6.8202,6.8196,24.8187,90.016,89.9992,119.9882
166,167,194,80.0,0.3125,0.3438,0.3438,6.5360000000000005,6.5357,24.3056,90.0114,90.0047,119.9932
167,168,12,80.0,0.4375,0.4062,0.1562,24.4257,6.1321,5.9476,89.9997,104.2574,90.0002
168,169,12,80.0,0.375,0.1562,0.4688,24.4081,6.3248,6.2812,89.9998,105.0586,90.0001
169,170,33,80.0,0.3125,0.2812,0.4062,10.549,9.0167,9.6414,90.0012,90.0002,90.0005
170,171,12,80.0,0.4062,0.25,0.3438,24.4087,6.2459,6.1464,89.9998,104.7501,90.0001
171,172,194,80.0,0.6562,0.3438,0.0,6.1745,6.1743,23.6052,90.0183,89.99799999999998,120.0028
172,173,167,60.0,0.0,0.6667,0.3333,10.4651,5.232,13.9994,90.0004,89.9997,120.0003
173,174,227,40.0,0.0625,0.625,0.3125,10.4498,6.0554,14.9233,91.069,91.2431,30.3593
174,175,206,80.0,0.5312,0.4688,0.0,9.1811,9.1807,9.1806,90.0043,90.0045,89.9961
175,176,12,80.0,0.375,0.3438,0.2812,24.4576,6.2198,6.0886,89.9998,104.5748,90.0001
176,177,227,40.0,0.625,0.0,0.375,5.9979,5.997999999999998,14.7337,90.0001,89.9961,120.0005
177,178,227,40.0,0.3125,0.375,0.3125,6.0688,6.0678,14.5207,90.0062,89.9984,119.9988
178,179,206,80.0,0.625,0.125,0.25,9.3634,9.363,9.3632,90.0021,90.0029,89.9984
179,180,12,80.0,0.2812,0.2812,0.4375,24.5138,6.3339,6.2682,89.9999,104.9481,90.0001
180,181,33,80.0,0.3125,0.0625,0.625,10.7916,9.2003,9.827,90.0019,89.9989,90.0004
181,182,167,30.0,0.5833,0.4167,0.0,4.9153,4.915,13.3346,89.9909,90.0103,120.0011
182,183,194,80.0,0.7812,0.2188,0.0,6.1371,6.1368,23.5114,90.0153,89.9987,120.0044
183,184,227,40.0,0.1875,0.4375,0.375,10.0777,5.938,14.7759,96.6891,97.8898,31.9385
184,185,194,80.0,0.0,0.9375,0.0625,6.4315,6.4316,24.1793,89.9958,90.008,119.9933
185,186,194,80.0,0.5,0.125,0.375,6.5002,6.4999,24.2048,90.015,90.01,119.9947
186,187,194,80.0,0.875,0.125,0.0,6.1097,6.1093,23.441,90.0115,89.9998,120.0055
187,188,12,80.0,0.1562,0.5,0.3438,24.6685,6.317,6.1973,90.0,104.6643,90.0001
188,189,227,40.0,0.0,0.1875,0.8125,11.0257,6.3318,15.8495,100.6685,99.1309,30.339
189,190,167,60.0,0.1667,0.0,0.8333,10.9011,5.4501,14.4769,89.9963,90.0017,120.0013
190,191,194,80.0,0.2188,0.75,0.0312,6.3356,6.3356,23.9744,90.0099,90.00299999999999,119.9967
191,192,12,20.0,0.875,0.125,0.0,12.0062,2.9601,5.6981,89.9991,103.9713,90.0002
192,193,33,40.0,0.75,0.0,0.25,5.0856,8.7112,9.3419,90.0048,90.0016,90.0008
193,194,194,80.0,0.1875,0.8125,0.0,6.3228,6.3228,23.9578,90.009,90.0035,119.9968
194,195,194,80.0,0.375,0.1875,0.4375,6.5855,6.5851,24.3792,90.0141,90.0068,119.9926
195,196,206,80.0,0.0,0.1562,0.8438,10.1518,10.1518,10.152,90.0012,90.001,89.9983
196,197,206,80.0,0.0,0.5312,0.4688,9.8193,9.8193,9.8191,90.0032,90.0028,89.9957
197,198,167,30.0,0.4167,0.1667,0.4167,5.1726,5.1722,13.8849,89.9941,90.006,120.0012
198,199,33,40.0,0.625,0.0,0.375,5.1841,8.8659,9.4956,90.0041,90.0009,90.0007
199,200,167,60.0,0.0,0.5,0.5,10.6379,5.3184,14.1862,89.9999,89.9995,120.0005
200,201,12,80.0,0.0938,0.625,0.2812,24.75,6.2998,6.1459,90.0001,104.4779,90.0001
201,202,12,80.0,0.0,0.4688,0.5312,24.7815,6.4664,6.4217,90.0003,105.0881,90.0
202,203,227,40.0,0.25,0.4375,0.3125,6.0841,6.0842,14.805,90.0097,89.9857,119.9987
203,204,33,80.0,0.4062,0.375,0.2188,10.2972,8.822000000000003,9.4466,90.0014,90.0013,90.0009
204,205,12,80.0,0.2188,0.3438,0.4375,24.5788,6.3517,6.2809,90.0,104.9269,90.0001
205,206,167,30.0,0.0,0.25,0.75,5.4486,5.4481,14.4666,89.9988,89.9993,120.0009
206,207,194,80.0,0.0,0.375,0.625,6.8456,6.8451,24.9031,90.0023,89.9926,119.9868
207,208,227,40.0,0.3125,0.375,0.3125,10.3492,5.9826,14.4464,83.7426,82.7531,30.6289
208,209,194,10.0,0.5,0.25,0.25,3.2038,3.2037,12.022,90.0147,90.007,119.9966
209,210,206,80.0,0.5,0.25,0.25,9.4158,9.4154,9.4155,90.0026,90.0031,89.9976
210,211,227,40.0,0.8125,0.1875,0.0,9.9225,5.7147,13.9423,90.6129,90.7051,29.754
211,212,12,80.0,0.3125,0.0,0.6875,24.4154,6.465,6.5191,90.0,105.5676,90.0001
212,213,33,80.0,0.3125,0.1875,0.5,10.6529,9.0954,9.721,90.0015,89.9996,90.0004
213,214,194,80.0,0.0625,0.0312,0.9062,7.0324,7.0318,25.2183,90.0187,89.9852,119.985
214,215,33,80.0,0.6875,0.2188,0.0938,10.027,8.605,9.2332,90.0036,90.0021,90.0012
215,216,206,80.0,0.0,0.25,0.75,10.0687,10.0687,10.0687,90.0016,90.0015,89.9977
216,217,227,40.0,0.4375,0.5625,0.0,9.9758,5.7765,14.2297,90.7296,90.8478,30.2926
217,218,33,80.0,0.1875,0.0938,0.7188,10.954,9.3288,9.9543,90.001,89.99799999999998,90.0003
218,219,194,80.0,0.9375,0.0312,0.0312,6.1149,6.1145,23.4343,90.0072,90.0037,120.0055
219,220,33,40.0,0.375,0.625,0.0,5.0346,8.651,9.2729,90.0002,90.0021,90.0019
220,221,194,80.0,0.0,0.9688,0.0312,6.4085,6.4086,24.1392,89.9963,90.0085,119.9937
221,222,33,80.0,0.2188,0.4062,0.375,10.5581,9.0279,9.6507,90.0001,90.0002,90.0005
222,223,194,80.0,0.7812,0.125,0.0938,6.2067,6.2064,23.6318,90.0128,90.0053,120.0024
223,224,167,30.0,0.4167,0.5833,0.0,4.9566,4.9562,13.4178,89.9938,90.0075,120.0007
224,225,167,30.0,0.8333,0.1667,0.0,4.8534,4.8532,13.2099,89.9864,90.0145,120.0016
225,226,227,40.0,0.5625,0.125,0.3125,6.0121,6.0104,14.6902,90.0677,88.1058,120.0397
226,227,227,40.0,0.625,0.25,0.125,10.115,5.8292,14.202,91.7648,92.0178,29.8231
227,228,227,40.0,0.5,0.1875,0.3125,6.0155,6.0156,14.6554,90.0062,89.9889,119.9989
228,229,206,80.0,0.375,0.25,0.375,9.579,9.5787,9.5788,90.0023,90.0026,89.9976
229,230,206,80.0,0.5,0.2188,0.2812,9.4435,9.4431,9.4433,90.0024,90.0029,89.9978
230,231,33,80.0,0.0625,0.4688,0.4688,10.7352,9.1688,9.7899,89.9989,89.9992,90.0002
231,232,12,80.0,0.5312,0.4688,0.0,24.3695,6.018,5.7684,89.9995,103.8469,90.0002
232,233,33,80.0,0.9062,0.0625,0.0312,9.8554,8.4654,9.0967,90.0054,90.0023,90.0013
233,234,206,80.0,0.7812,0.0,0.2188,9.2703,9.2696,9.27,90.0017,90.0027,89.9993
234,235,167,30.0,0.8333,0.0833,0.0833,4.8966,4.8964,13.3033,89.9868,90.0141,120.0017
235,236,227,40.0,0.875,0.0,0.125,5.8346,5.8337,14.2095,90.0967,89.1697,120.054
236,237,12,80.0,0.1875,0.8125,0.0,24.7268,6.1157,5.8388,89.9999,103.7248,90.0001
237,238,206,80.0,0.4375,0.375,0.1875,9.3866,9.3863,9.3862,90.0033,90.0035,89.9967
238,239,12,20.0,0.25,0.0,0.75,12.2319,3.2589,6.5962,90.0,105.6922,90.0001
239,240,33,80.0,0.8438,0.125,0.0312,9.8847,8.4903,9.1205,90.0048,90.0023,90.0013
240,241,33,80.0,0.4688,0.1562,0.375,10.4412,8.9282,9.5553,90.0026,90.0006,90.0006
241,242,12,80.0,0.0,0.1562,0.8438,24.699,6.6413,6.7435,90.0003,105.8246,90.0
242,243,206,80.0,0.7812,0.2188,0.0,9.0763,9.0757,9.0759,90.0033,90.00399999999998,89.9978
243,244,167,30.0,0.9167,0.0833,0.0,4.8328,4.8326,13.1683,89.9848,90.016,120.0018
244,245,227,40.0,0.25,0.75,0.0,10.1771,5.8596,14.2909,90.9202,91.0582,29.7242
245,246,33,80.0,0.7188,0.0938,0.1875,10.1164,8.6712,9.3008,90.0043,90.0018,90.001
246,247,227,40.0,0.25,0.4375,0.3125,6.0947,6.0937,14.3561,90.0173,90.0041,120.0027
247,248,12,20.0,0.375,0.0,0.625,12.1835,3.2061,6.4421,89.9999,105.4406,90.0001
248,249,167,30.0,0.1667,0.0,0.8333,5.4505,5.4501,14.4769,89.9963,90.0017,120.0013
249,250,206,80.0,0.5312,0.3125,0.1562,9.3196,9.3192,9.3192,90.0032,90.0035,89.9971
250,251,33,40.0,0.125,0.875,0.0,5.093,8.7506,9.3683,89.9976,90.0019,90.00200000000002
251,252,206,80.0,0.0,0.3438,0.6562,9.9855,9.9855,9.9855,90.0022,90.0019,89.99700000000001
252,253,206,80.0,0.4688,0.0,0.5312,9.6783,9.6779,9.6782,90.001,90.0017,89.9993
253,254,194,80.0,0.3438,0.1875,0.4688,6.6185,6.6181,24.443,90.0139,90.0059,119.9919
254,255,227,40.0,0.125,0.5625,0.3125,6.1219,6.1194,15.0176,90.0324,88.1752,120.0119
255,256,12,20.0,0.625,0.375,0.0,12.1361,2.9957,5.7492,89.9994,103.8806,90.0002
256,257,206,80.0,0.0,0.3125,0.6875,10.0132,10.0133,10.0133,90.00200000000002,90.0018,89.9973
257,258,12,20.0,0.25,0.5,0.25,12.2979,3.1189,6.082000000000002,89.9999,104.4479,90.0001
258,259,227,40.0,0.0625,0.25,0.6875,6.3718,6.3701,15.1612,90.0094,89.9993,119.9996
259,260,33,80.0,0.6562,0.0625,0.2812,10.2496,8.7748,9.4042,90.00399999999998,90.0014,90.0008
260,261,206,80.0,0.4062,0.5938,0.0,9.2335,9.2331,9.2329,90.0048,90.0047,89.9952
261,262,12,80.0,0.0,0.8438,0.1562,24.8804,6.2565,6.037000000000001,90.0002,104.1052,90.0001
262,263,33,80.0,0.375,0.625,0.0,10.0691,8.651,9.2729,90.0002,90.0021,90.0019
263,264,194,80.0,0.3438,0.0625,0.5938,6.711,6.7105,24.6039,90.0168,90.0059,119.9904
264,265,12,20.0,0.0,0.75,0.25,12.4279,3.1545,6.1331,90.0002,104.362,90.0001
265,266,33,80.0,0.6875,0.125,0.1875,10.131,8.6837,9.3127,90.00399999999998,90.0017,90.001
266,267,194,10.0,0.75,0.0,0.25,3.1660000000000004,3.1658,11.9281,90.0118,90.0139,119.9992
267,268,12,80.0,0.6875,0.3125,0.0,24.2072,5.9735,5.7364,89.9993,103.9031,90.0002
268,269,167,30.0,0.4167,0.5833,0.0,4.9566,4.9562,13.4178,89.9938,90.0075,120.0007
269,270,167,60.0,0.6667,0.0833,0.25,10.0485,5.024,13.5733,89.9901,90.0106,120.0015
270,271,227,40.0,0.625,0.375,0.0,5.7912,5.7904,13.7829,90.0162,89.9997,120.0035
271,272,194,80.0,0.4375,0.0625,0.5,6.6122,6.6118,24.4127,90.0163,90.0096,119.9924
272,273,194,80.0,0.8125,0.0625,0.125,6.2208,6.2204,23.6485,90.0111,90.0082,120.0022
273,274,227,40.0,0.25,0.4375,0.3125,10.3702,6.0082,14.8015,91.0079,91.1711,30.3428
274,275,194,80.0,0.375,0.4062,0.2188,6.4237,6.4235,24.0978,90.0129,90.0044,119.9957
275,276,167,30.0,0.0,0.5,0.5,5.319,5.3184,14.1862,89.9999,89.9995,120.0005
276,277,206,80.0,0.0938,0.0938,0.8125,10.0848,10.0847,10.085,90.0009,90.001,89.9987
277,278,194,80.0,0.0,0.9062,0.0938,6.4545,6.4545,24.2195,89.9954,90.0074,119.9928
278,279,167,30.0,0.6667,0.1667,0.1667,4.9811,4.9808,13.4799,89.99,90.0109,120.0014
279,280,12,80.0,0.3438,0.4062,0.25,24.4984,6.2112,6.0629,89.9998,104.4804,90.0001
280,281,12,80.0,0.5625,0.4375,0.0,24.337,6.0091,5.7620000000000005,89.9995,103.8581,90.0002
281,282,167,60.0,0.1667,0.8333,0.0,10.037,5.018,13.5425,89.9979,90.0034,120.0001
282,283,33,80.0,0.9688,0.0312,0.0,9.7916,8.4142,9.0463,90.0058,90.0024,90.0013
283,284,227,40.0,0.125,0.5625,0.3125,6.1219,6.1194,15.0176,90.0324,88.1752,120.0119
284,285,12,20.0,0.125,0.625,0.25,12.3629,3.1367,6.1075,90.0001,104.4048,90.0001
285,286,12,80.0,0.0625,0.0312,0.9062,24.6176,6.6585,6.7954,90.0003,105.9838,90.0
286,287,33,80.0,0.5312,0.375,0.0938,10.1001,8.6673,9.2928,90.0021,90.0019,90.0013
287,288,167,30.0,0.75,0.25,0.0,4.8741,4.8738,13.2515,89.9879,90.0131,120.0014
288,289,206,80.0,0.5312,0.2188,0.25,9.4027,9.4023,9.4025,90.0025,90.00299999999999,89.9978
289,290,227,40.0,0.75,0.25,0.0,9.8735,5.6914,13.9587,92.5185,92.2888,30.1492
290,291,194,80.0,0.9688,0.0312,0.0,6.0828,6.0824,23.3707,90.0062,90.0015,120.0065
291,292,227,40.0,0.5625,0.4375,0.0,5.8083,5.8074,13.8157,90.0171,89.9995,120.0037
292,293,194,80.0,0.9062,0.0938,0.0,6.1007,6.1003,23.4176,90.0099,90.0003,120.0058
293,294,227,40.0,0.4375,0.25,0.3125,10.2905,5.961,14.6799,90.9458,91.0978,30.3261
294,295,227,40.0,0.875,0.0625,0.0625,5.7404,5.7402,14.044,89.9998,90.0016,119.9967
295,296,12,20.0,0.125,0.5,0.375,12.3464,3.1717,6.2358,90.0001,104.735,90.0001
296,297,167,30.0,0.25,0.1667,0.5833,5.3002,5.2998,14.155,89.9962,90.0031,120.0011
297,298,33,80.0,0.6562,0.125,0.2188,10.1803,8.7224,9.3511,90.0038,90.0016,90.0009
298,299,167,30.0,0.4167,0.5,0.0833,4.9998,4.9994,13.5112,89.994,90.0072,120.0008
299,300,12,80.0,0.5,0.25,0.25,24.336,6.1668,6.0310000000000015,89.9996,104.5348,90.0002
300,301,206,80.0,0.4375,0.5625,0.0,9.2204,9.22,9.2199,90.0047,90.0046,89.9954
301,302,206,80.0,0.0,0.5,0.5,9.847,9.847,9.8468,90.0031,90.0027,89.99600000000002
302,303,33,40.0,0.0,0.8125,0.1875,5.2262,8.9578,9.5751,89.9972,90.0008,90.001
303,304,227,40.0,0.375,0.625,0.0,10.0809,5.7825,14.3189,94.6468,93.8361,30.105
304,305,194,80.0,0.125,0.4375,0.4375,6.666,6.6657,24.5675,90.0047,90.0006,119.99
305,306,206,80.0,0.0312,0.0312,0.9375,10.2218,10.2218,10.2221,90.0006,90.0006,89.9992
306,307,12,80.0,0.2812,0.2812,0.4375,24.5138,6.3339,6.2682,89.9999,104.9481,90.0001
307,308,227,40.0,0.25,0.625,0.125,10.1813,5.8975,14.5314,90.882,91.0255,30.3233
308,309,167,60.0,0.7083,0.0417,0.25,10.0279,5.0137,13.5526,89.9895,90.0112,120.0016
309,310,227,40.0,0.5,0.1875,0.3125,10.264,5.9453,14.6393,90.9248,91.0731,30.3205
310,311,206,80.0,0.5,0.2188,0.2812,9.4435,9.4431,9.4433,90.0024,90.0029,89.9978
311,312,227,40.0,0.375,0.3125,0.3125,6.0591,6.0571,14.8305,90.052,88.1362,120.0277
312,313,206,80.0,0.2188,0.0625,0.7188,9.9493,9.9491,9.9494,90.0009,90.0012,89.9989
313,314,12,80.0,0.375,0.3125,0.3125,24.4494,6.2373,6.1206,89.9998,104.6574,90.0001
314,315,12,20.0,0.625,0.0,0.375,12.0865,3.1006,6.134,89.9995,104.9066,90.0002
315,316,194,80.0,0.3125,0.3438,0.3438,6.5360000000000005,6.5357,24.3056,90.0114,90.0047,119.9932
316,317,33,80.0,0.125,0.0625,0.8125,11.0873,9.4324,10.0577,90.0006,89.9971,90.0003
317,318,167,60.0,0.8333,0.1667,0.0,9.7069,4.8532,13.2099,89.9864,90.0145,120.0016
318,319,227,40.0,0.0625,0.625,0.3125,10.0761,5.935,14.7732,95.9464,97.0102,31.9055
319,320,167,30.0,0.3333,0.6667,0.0,4.9772,4.9768,13.4593,89.9952,90.0061,120.0005
320,321,206,80.0,0.0,0.8125,0.1875,9.5699,9.5699,9.5695,90.005,90.0043,89.9938
321,322,167,60.0,0.4167,0.0,0.5833,10.5179,5.2586,14.0718,89.9939,90.0057,120.0015
322,323,206,80.0,0.375,0.625,0.0,9.2466,9.2463,9.246,90.0049,90.0047,89.995
323,324,227,40.0,0.25,0.4375,0.3125,6.0905,6.0882,14.9241,90.042,88.1559,120.0197
324,325,33,40.0,0.3125,0.6875,0.0,5.0492,8.6759,9.2968,89.9995,90.0021,90.0019
325,326,206,80.0,0.0,0.1875,0.8125,10.1241,10.1241,10.1242,90.0013,90.0012,89.9981
326,327,167,60.0,0.5833,0.0833,0.3333,10.1762,5.0878,13.7084,89.9916,90.0089,120.0015
327,328,167,30.0,0.8333,0.1667,0.0,4.8534,4.8532,13.2099,89.9864,90.0145,120.0016
328,329,167,30.0,0.6667,0.25,0.0833,4.9379,4.9376,13.3865,89.9897,90.0113,120.0013
329,330,12,80.0,0.0312,0.5,0.4688,24.7655,6.4225,6.3512,90.0002,104.9427,90.0001
330,331,206,80.0,0.4688,0.2812,0.25,9.4289,9.4286,9.4286,90.0028,90.0031,89.9973
331,332,167,30.0,0.4167,0.1667,0.4167,5.1726,5.1722,13.8849,89.9941,90.006,120.0012
332,333,206,80.0,0.4062,0.5938,0.0,9.2335,9.2331,9.2329,90.0048,90.0047,89.9952
333,334,194,80.0,0.75,0.0625,0.1875,6.2856,6.2852,23.7758,90.0123,90.0104,120.0003
334,335,12,80.0,0.2188,0.25,0.5312,24.5541,6.4042,6.3773,90.0,105.1611,90.0001
335,336,206,80.0,0.3125,0.1562,0.5312,9.7438,9.7435,9.7437,90.0016,90.00200000000002,89.9982
336,337,12,20.0,0.5,0.0,0.5,12.135,3.1533,6.2879999999999985,89.9997,105.179,90.0001
337,338,12,20.0,0.5,0.5,0.0,12.201,3.0134,5.7748,89.9995,103.8357,90.0002
338,339,33,40.0,0.0,0.875,0.125,5.1916,8.9053,9.5221,89.9969,90.0011,90.0013
339,340,206,80.0,0.4062,0.0,0.5938,9.7599,9.7596,9.7599,90.0009,90.0015,89.9993
340,341,206,80.0,0.4375,0.2812,0.2812,9.4697,9.4694,9.4695,90.0027,90.00299999999999,89.9974
341,342,33,40.0,0.0,0.5,0.5,5.3995,9.22,9.8402,89.9983,89.9989,90.0001
342,343,167,60.0,0.0,0.9583,0.0417,10.1627,5.0808,13.6723,90.0007,90.0005,119.9998
343,344,33,80.0,0.125,0.0,0.875,11.1566,9.4849,10.1107,90.0008,89.9967,90.0004
344,345,206,80.0,0.4688,0.5312,0.0,9.2073,9.2069,9.2068,90.0045,90.0046,89.9956
345,346,194,80.0,0.9062,0.0312,0.0625,6.1471,6.1467,23.4979,90.0081,90.0057,120.0045
346,347,167,30.0,0.25,0.5,0.25,5.1274,5.127000000000002,13.7812,89.9968,90.0039,120.0006
347,348,12,80.0,0.2188,0.4375,0.3438,24.6036,6.2992,6.1846,90.0,104.6857,90.0001
348,349,194,80.0,0.4062,0.3125,0.2812,6.46,6.4598,24.1547,90.0135,90.0059,119.9951
349,350,194,80.0,0.5625,0.0,0.4375,6.5274,6.527,24.2382,90.0158,90.0139,119.9944
350,351,12,80.0,0.2812,0.5,0.2188,24.5716,6.2115,6.0436,89.9999,104.3742,90.0001
351,352,33,80.0,0.4688,0.1875,0.3438,10.4066,8.902000000000003,9.5287,90.0025,90.0008,90.0007
352,353,33,80.0,0.0312,0.0312,0.9375,11.2697,9.5747,10.1995,90.0001,89.9959,90.0003
353,354,206,80.0,0.0,0.25,0.75,10.0687,10.0687,10.0687,90.0016,90.0015,89.9977
354,355,12,80.0,0.375,0.4688,0.1562,24.4906,6.1499,5.9604,89.9997,104.2355,90.0001
355,356,206,80.0,0.25,0.75,0.0,9.2989,9.2987,9.2984,90.0054,90.0049,89.9941
356,357,33,40.0,0.1875,0.0,0.8125,5.529,9.4075,10.0338,90.0013,89.9973,90.0004
357,358,12,20.0,0.75,0.0,0.25,12.0381,3.0478,5.9801,89.9993,104.6228,90.0002
358,359,33,80.0,0.5,0.4062,0.0938,10.1147,8.6798,9.3047,90.0018,90.0019,90.0014
359,360,167,30.0,0.5833,0.4167,0.0,4.9153,4.915,13.3346,89.9909,90.0103,120.0011
360,361,194,80.0,0.6875,0.125,0.1875,6.3042,6.3038,23.8227,90.0138,90.0088,119.9996
361,362,167,30.0,0.0833,0.8333,0.0833,5.0823,5.0818,13.6775,89.9994,90.0017,120.0001
362,363,33,80.0,0.3125,0.25,0.4375,10.5836,9.043,9.6679,90.0013,90.0,90.0005
363,364,167,30.0,0.6667,0.25,0.0833,4.9379,4.9376,13.3865,89.9897,90.0113,120.0013
364,365,33,40.0,0.125,0.125,0.75,5.509,9.38,10.0046,90.0004,89.9976,90.0002
365,366,194,80.0,0.7812,0.1562,0.0625,6.1835,6.1832,23.5917,90.0135,90.0032,120.0031
366,367,12,80.0,0.5,0.0,0.5,24.27,6.3067,6.2879999999999985,89.9997,105.179,90.0001
367,368,12,80.0,0.4062,0.4375,0.1562,24.4582,6.141,5.954,89.9997,104.2464,90.0002
368,369,12,80.0,0.0,0.9688,0.0312,24.9134,6.1865,5.9092,90.0001,103.7502,90.0001
369,370,206,80.0,0.2188,0.0,0.7812,10.0047,10.0045,10.0049,90.0006,90.0009,89.9993
370,371,194,80.0,0.4375,0.1562,0.4062,6.5428,6.5424,24.292,90.0148,90.0085,119.9936
371,372,12,80.0,0.1562,0.5,0.3438,24.6685,6.317,6.1973,90.0,104.6643,90.0001
372,373,194,80.0,0.0,0.9375,0.0625,6.4315,6.4316,24.1793,89.9958,90.008,119.9933
373,374,206,80.0,0.5312,0.4688,0.0,9.1811,9.1807,9.1806,90.0043,90.0045,89.9961
374,375,167,30.0,0.6667,0.0833,0.25,5.0243,5.024,13.5733,89.9901,90.0106,120.0015
375,376,206,80.0,0.875,0.0,0.125,9.1479,9.1472,9.1475,90.00200000000002,90.0031,89.9993
376,377,206,80.0,0.0312,0.0,0.9688,10.2496,10.2495,10.2498,90.0004,90.0004,89.9994
377,378,194,80.0,0.2812,0.375,0.3438,6.546,6.5457,24.3292,90.0104,90.0042,119.9928
378,379,206,80.0,0.0,0.5312,0.4688,9.8193,9.8193,9.8191,90.0032,90.0028,89.9957
379,380,167,30.0,0.5,0.5,0.0,4.936,4.9356,13.3762,89.9923,90.0089,120.0009
380,381,194,80.0,0.8125,0.1875,0.0,6.1279,6.1276,23.4879,90.0142,89.999,120.0047
381,382,227,40.0,0.5,0.4375,0.0625,10.0676,5.7862,14.2862,94.3021,93.6639,30.1434
382,383,167,30.0,0.25,0.75,0.0,4.9979,4.9974,13.5009,89.9966,90.0048,120.0003
383,384,227,40.0,0.3125,0.375,0.3125,6.0776,6.0767,14.3233,90.0169,90.0038,120.0025
384,385,206,80.0,0.1562,0.1875,0.6562,9.9201,9.9199,9.9201,90.0015,90.0016,89.99799999999998
385,386,227,40.0,0.875,0.0,0.125,5.8346,5.8337,14.2095,90.0967,89.1697,120.054
386,387,194,80.0,0.0,0.0625,0.9375,7.0760000000000005,7.0754,25.3057,90.0168,89.9805,119.9843
387,388,33,40.0,0.8125,0.1875,0.0,4.9323,8.4765,9.1059,90.0044,90.0024,90.0015
388,389,167,30.0,0.75,0.1667,0.0833,4.9172,4.917,13.3449,89.9883,90.0127,120.0015
389,390,206,80.0,0.375,0.375,0.25,9.4682,9.4679,9.4679,90.0031,90.0033,89.9967
390,391,167,30.0,0.25,0.0,0.75,5.3867,5.3862,14.3418,89.9956,90.0029,120.0014
391,392,194,80.0,0.8438,0.0,0.1562,6.2349,6.2344,23.6653,90.0093,90.0112,120.0019
392,393,194,80.0,0.0938,0.4688,0.4375,6.6763,6.676,24.591,90.0029,90.0,119.9897
393,394,12,80.0,0.0,0.4688,0.5312,24.7815,6.4664,6.4217,90.0003,105.0881,90.0
394,395,227,40.0,0.0,0.3125,0.6875,6.4043,6.4033,14.939,90.0155,90.0098,120.0014
395,396,33,80.0,0.625,0.0312,0.3438,10.3335,8.8397,9.4691,90.00399999999998,90.0011,90.0007
396,397,206,80.0,0.375,0.4375,0.1875,9.4128,9.4125,9.4124,90.0036,90.0036,89.9963
397,398,227,40.0,0.0,0.1875,0.8125,6.4668,6.4661,15.6092,90.0216,90.0146,119.9949
398,399,33,40.0,0.3125,0.0,0.6875,5.4305,9.2528,9.88,90.0021,89.9985,90.0004
399,400,227,40.0,0.875,0.0625,0.0625,5.761,5.7608,13.8549,90.0039,89.9948,119.9994
400,401,206,80.0,0.25,0.75,0.0,9.2989,9.2987,9.2984,90.0054,90.0049,89.9941
401,402,12,20.0,0.125,0.875,0.0,12.3959,3.0668,5.8516,90.0,103.7028,90.0001
402,403,33,80.0,0.0938,0.0312,0.875,11.1712,9.4973,10.1226,90.0005,89.9966,90.0003
403,404,227,40.0,0.5,0.5,0.0,9.9836,5.7785,13.9692,90.6703,90.7763,30.2489
404,405,33,80.0,0.5312,0.25,0.2188,10.2387,8.7722,9.3988,90.0026,90.0014,90.0009
405,406,206,80.0,0.0,0.2188,0.7812,10.0964,10.0964,10.0965,90.0015,90.0013,89.9979
406,407,194,80.0,0.3438,0.5938,0.0625,6.3181,6.3181,23.9205,90.0141,90.0017,119.9978
407,408,167,30.0,0.0833,0.0833,0.8333,5.4712,5.4707,14.5184,89.9974,90.0005,120.0012
408,409,12,20.0,0.0,0.625,0.375,12.4114,3.1895,6.2612,90.0002,104.6927,90.0001
409,410,206,80.0,0.0625,0.0312,0.9062,10.181,10.181,10.1813,90.0006,90.0007,89.9991
410,411,227,40.0,0.0,0.6875,0.3125,10.0585,5.8483,14.488,91.4589,91.6958,30.6914
411,412,12,80.0,0.0,0.9062,0.0938,24.8969,6.2215,5.9731,90.0002,103.9295,90.0001
412,413,12,80.0,0.0938,0.5,0.4062,24.717,6.3698,6.2742,90.0001,104.8049,90.0001
413,414,206,80.0,0.0312,0.0938,0.875,10.1664,10.1664,10.1666,90.0009,90.0008,89.9987
414,415,167,30.0,0.0,0.5833,0.4167,5.2758,5.2752,14.0928,90.0002,89.9996,120.0004
415,416,227,40.0,0.125,0.5625,0.3125,6.1287,6.1276,14.4218,90.0181,90.0048,120.0032
416,417,206,80.0,0.0625,0.0938,0.8438,10.1256,10.1256,10.1258,90.0009,90.0009,89.9987
417,418,227,40.0,0.0625,0.1875,0.75,6.3744,6.3744,15.6513,89.9999,89.9937,120.0011
418,419,206,80.0,0.8125,0.1875,0.0,9.0633,9.0626,9.0628,90.0032,90.00399999999998,89.9981
419,420,33,40.0,0.0,0.3125,0.6875,5.5035,9.3773,9.9993,89.999,89.9976,90.0
420,421,227,40.0,0.5625,0.4375,0.0,9.9563,5.7623,13.9342,90.6511,90.7539,30.2432
421,422,167,30.0,0.1667,0.1667,0.6667,5.3641,5.3636,14.29,89.99700000000001,90.0018,120.0011
422,423,194,10.0,0.75,0.25,0.0,3.0732,3.073,11.7674,90.0162,89.9984,120.004
423,424,167,30.0,0.75,0.1667,0.0833,4.9172,4.917,13.3449,89.9883,90.0127,120.0015
424,425,227,40.0,0.5625,0.125,0.3125,10.2374,5.9295,14.5988,90.9038,91.0482,30.3148
425,426,227,40.0,0.625,0.375,0.0,9.8219,5.7031,14.0841,91.0851,91.2585,30.5595
426,427,206,80.0,0.0,0.0625,0.9375,10.2349,10.2349,10.2352,90.0007,90.0006,89.999
427,428,167,30.0,0.1667,0.6667,0.1667,5.1049,5.1044,13.7293,89.9981,90.0028,120.0004
428,429,12,80.0,0.375,0.1562,0.4688,24.4081,6.3248,6.2812,89.9998,105.0586,90.0001
429,430,206,80.0,0.5,0.375,0.125,9.305,9.3046,9.3046,90.0035,90.0038,89.9967
430,431,227,40.0,0.375,0.625,0.0,10.0023,5.7923,14.2702,90.7517,90.8738,30.2984
431,432,206,80.0,0.5,0.3438,0.1562,9.3327,9.3323,9.3323,90.0033,90.0036,89.9969
432,433,206,80.0,0.0,0.0625,0.9375,10.2349,10.2349,10.2352,90.0007,90.0006,89.999
433,434,194,80.0,0.4062,0.3125,0.2812,6.46,6.4598,24.1547,90.0135,90.0059,119.9951
434,435,206,80.0,0.4062,0.375,0.2188,9.4274,9.4271,9.4271,90.0032,90.0034,89.9967
435,436,33,80.0,0.75,0.0625,0.1875,10.1018,8.6588,9.2888,90.0046,90.0018,90.001
436,437,33,80.0,0.0625,0.75,0.1875,10.4232,8.9329,9.5513,89.9978,90.0009,90.001
437,438,194,80.0,0.5938,0.25,0.1562,6.3093,6.3091,23.853,90.0155,90.0054,119.9992
438,439,227,40.0,0.0,0.0625,0.9375,6.5021,6.5018,15.8891,89.9804,90.0206,119.9903
439,440,206,80.0,0.4688,0.375,0.1562,9.3458,9.3454,9.3454,90.0034,90.0037,89.9967
440,441,194,80.0,0.25,0.0938,0.6562,6.787000000000001,6.7865,24.7549,90.016,90.0011,119.9888
441,442,227,40.0,0.0625,0.1875,0.75,6.4275,6.4266,14.9814,90.0151,90.0094,120.0009
442,443,194,80.0,0.75,0.25,0.0,6.1464,6.1461,23.5348,90.0162,89.9984,120.004
443,444,12,80.0,0.1875,0.5,0.3125,24.6443,6.2906,6.1589,90.0,104.5929,90.0001
444,445,206,80.0,0.0,0.9375,0.0625,9.4591,9.4591,9.4586,90.0059,90.005,89.9929
445,446,206,80.0,0.5312,0.1562,0.3125,9.4581,9.4577,9.4579,90.0021,90.0027,89.9982
446,447,167,30.0,0.8333,0.1667,0.0,4.8534,4.8532,13.2099,89.9864,90.0145,120.0016
447,448,167,30.0,0.5833,0.0833,0.3333,5.0881,5.0878,13.7084,89.9916,90.0089,120.0015
448,449,227,40.0,0.0625,0.625,0.3125,6.1377,6.1351,15.0644,90.0277,88.1847,120.008
449,450,33,80.0,0.4375,0.4062,0.1562,10.2132,8.7571,9.3816,90.0014,90.0016,90.0011
450,451,194,80.0,0.3438,0.3125,0.3438,6.5261,6.5257,24.2821,90.0123,90.0054,119.9935
451,452,206,80.0,0.0,0.7188,0.2812,9.653,9.6531,9.6527,90.0044,90.0038,89.9944
452,453,12,20.0,0.125,0.75,0.125,12.3794,3.1017,5.9795,90.0,104.0611,90.0001
453,454,206,80.0,0.0,0.4688,0.5312,9.8747,9.8747,9.8746,90.0029,90.0025,89.9962
454,455,194,80.0,0.2188,0.1562,0.625,6.774,6.7735,24.7382,90.0138,90.0002,119.9889
455,456,206,80.0,0.5,0.2188,0.2812,9.4435,9.4431,9.4433,90.0024,90.0029,89.9978
456,457,194,80.0,0.0,0.625,0.375,6.6614,6.6612,24.5813,89.99600000000002,90.0006,119.9893
457,458,227,40.0,0.625,0.375,0.0,9.8961,5.7293,14.1081,90.6626,90.7688,30.275
458,459,206,80.0,0.25,0.4375,0.3125,9.576,9.5758,9.5757,90.0032,90.0032,89.9963
459,460,12,80.0,0.5,0.5,0.0,24.402,6.0269,5.7748,89.9995,103.8357,90.0002
460,461,227,40.0,0.0,0.1875,0.8125,10.9802,6.3662,15.6847,91.397,91.6226,30.4126
461,462,206,80.0,0.0,0.8438,0.1562,9.5422,9.5422,9.5418,90.0053,90.0045,89.9936
462,463,12,80.0,0.4375,0.3125,0.25,24.4009,6.1845,6.0437,89.9997,104.513,90.0001
463,464,206,80.0,0.0938,0.0625,0.8438,10.1125,10.1124,10.1127,90.0008,90.0009,89.9989
464,465,167,30.0,0.5833,0.25,0.1667,5.0017,5.0014,13.5215,89.9914,90.0095,120.0013
465,466,206,80.0,0.0312,0.0625,0.9062,10.1941,10.1941,10.1943,90.0007,90.0007,89.9989
466,467,227,40.0,0.3125,0.375,0.3125,6.067,6.0669,14.7683,90.0163,89.9995,119.9961
467,468,194,80.0,0.0938,0.5625,0.3438,6.6072,6.6069,24.4704,90.0016,90.0019,119.9908
468,469,227,40.0,0.625,0.25,0.125,9.8219,5.7031,14.0841,91.0851,91.2585,30.5595
469,470,206,80.0,0.0938,0.2812,0.625,9.9185,9.9185,9.9185,90.00200000000002,90.0019,89.9974
470,471,206,80.0,0.3438,0.6562,0.0,9.2597,9.2594,9.2591,90.005,90.0048,89.9948
471,472,194,80.0,0.25,0.5,0.25,6.4868,6.4866,24.2321,90.0088,90.0037,119.9938
472,473,12,80.0,0.875,0.125,0.0,24.0124,5.9202,5.6981,89.9991,103.9713,90.0002
473,474,194,80.0,0.0,0.7188,0.2812,6.5924,6.5923,24.4606,89.995,90.0031,119.9904
474,475,206,80.0,0.5,0.25,0.25,9.4158,9.4154,9.4155,90.0026,90.0031,89.9976
475,476,12,80.0,0.4375,0.25,0.3125,24.3844,6.2195,6.1079,89.9997,104.6791,90.0001
476,477,33,80.0,0.7812,0.1875,0.0312,9.9139,8.5152,9.1444,90.0042,90.0023,90.0014
477,478,12,80.0,0.0,0.25,0.75,24.7238,6.5888,6.6469,90.0003,105.6108,90.0
478,479,227,40.0,0.875,0.0,0.125,5.7784,5.7782,14.1342,89.9987,90.0027,119.996
479,480,12,80.0,0.0312,0.5,0.4688,24.7655,6.4225,6.3512,90.0002,104.9427,90.0001
480,481,12,80.0,0.375,0.375,0.25,24.4659,6.2023,6.0565,89.9998,104.4912,90.0001
481,482,206,80.0,0.1875,0.0,0.8125,10.0455,10.0454,10.0457,90.0006,90.0008,89.9993
482,483,194,80.0,0.7188,0.0312,0.25,6.3412,6.3408,23.8796,90.0127,90.0129,119.9989
483,484,12,20.0,0.125,0.625,0.25,12.3629,3.1367,6.1075,90.0001,104.4048,90.0001
484,485,33,80.0,0.2188,0.0938,0.6875,10.9048,9.2901,9.9158,90.0012,89.9982,90.0003
485,486,194,80.0,0.0,0.4688,0.5312,6.7765,6.7761,24.7824,89.9993,89.9958,119.9877
486,487,33,80.0,0.0625,0.3438,0.5938,10.8738,9.2737,9.8959,89.9993,89.9984,90.0001
487,488,12,80.0,0.4062,0.3438,0.25,24.4334,6.1934,6.0501,89.9997,104.5021,90.0001
488,489,206,80.0,0.1562,0.5,0.3438,9.643,9.6429,9.6427,90.0034,90.0032,89.9959
489,490,167,30.0,0.4167,0.1667,0.4167,5.1726,5.1722,13.8849,89.9941,90.006,120.0012
490,491,227,40.0,0.4375,0.25,0.3125,10.2905,5.961,14.6799,90.9458,91.0978,30.3261
491,492,206,80.0,0.5,0.2812,0.2188,9.3881,9.3877,9.3878,90.0028,90.0033,89.9973
492,493,12,80.0,0.3125,0.3125,0.375,24.4979,6.2901,6.1976,89.9999,104.7989,90.0001
493,494,194,80.0,0.3125,0.0938,0.5938,6.7209,6.7204,24.6274,90.016,90.0045,119.9901
494,495,227,40.0,0.5,0.1875,0.3125,6.0277,6.0259,14.737,90.0623,88.116,120.0356
495,496,194,80.0,0.1875,0.0,0.8125,6.9226,6.9220000000000015,25.0033,90.02,89.995,119.9868
496,497,12,80.0,0.0,0.4375,0.5625,24.7732,6.4839,6.4539,90.0003,105.1649,90.0
497,498,206,80.0,0.375,0.4062,0.2188,9.4405,9.4402,9.4402,90.0033,90.0035,89.9965
498,499,206,80.0,0.375,0.375,0.25,9.4682,9.4679,9.4679,90.0031,90.0033,89.9967
499,500,12,80.0,0.4375,0.25,0.3125,24.3844,6.2195,6.1079,89.9997,104.6791,90.0001
500,501,206,80.0,0.0625,0.0625,0.875,10.1533,10.1533,10.1535,90.0008,90.0008,89.9989
501,502,227,40.0,0.375,0.3125,0.3125,10.3171,5.9767,14.7204,90.9666,91.1224,30.3317
502,503,33,80.0,0.6875,0.0625,0.25,10.2003,8.7361,9.3657,90.0042,90.0015,90.0009
503,504,33,80.0,0.0312,0.0312,0.9375,11.2697,9.5747,10.1995,90.0001,89.9959,90.0003
504,505,227,40.0,0.375,0.3125,0.3125,6.0247,6.0248,14.8198,89.9984,89.9978,120.0007
505,506,33,80.0,0.1875,0.3438,0.4688,10.6767,9.119,9.7422,90.0001,89.9995,90.0003
506,507,227,40.0,0.5,0.1875,0.3125,10.274,5.9474,14.4746,87.8994,87.5778,30.266
507,508,227,40.0,0.0,0.1875,0.8125,6.4289999999999985,6.4289999999999985,15.7826,90.0,89.9933,120.0012
508,509,227,40.0,0.1875,0.8125,0.0,9.9875,5.8047,14.3668,91.349,91.5671,30.6525
509,510,206,80.0,0.0,0.125,0.875,10.1795,10.1795,10.1797,90.001,90.0009,89.9985
510,511,194,80.0,0.2812,0.5938,0.125,6.3844,6.3843,24.0478,90.0109,90.00299999999999,119.996
511,512,12,20.0,0.375,0.5,0.125,12.2494,3.0662,5.9283,89.9997,104.1484,90.0001
512,513,33,80.0,0.4375,0.375,0.1875,10.2479,8.7833,9.4081,90.0016,90.0015,90.001
513,514,12,80.0,0.0,0.8438,0.1562,24.8804,6.2565,6.037000000000001,90.0002,104.1052,90.0001
514,515,194,10.0,0.5,0.0,0.5,3.2964,3.2962,12.1828,90.0168,90.0124,119.9929
515,516,33,40.0,0.125,0.875,0.0,5.093,8.7506,9.3683,89.9976,90.0019,90.00200000000002
516,517,12,80.0,0.25,0.4062,0.3438,24.5711,6.2903,6.1782,89.9999,104.6964,90.0001
517,518,194,80.0,0.8438,0.0625,0.0938,6.1884,6.188,23.5849,90.0104,90.0067,120.0031
518,519,33,80.0,0.0312,0.0938,0.875,11.2004,9.5222,10.1465,89.9999,89.9964,90.0002
519,520,206,80.0,0.5312,0.4688,0.0,9.1811,9.1807,9.1806,90.0043,90.0045,89.9961
520,521,33,80.0,0.5625,0.0938,0.3438,10.3628,8.8646,9.493,90.0034,90.001,90.0007
521,522,206,80.0,0.0625,0.0312,0.9062,10.181,10.181,10.1813,90.0006,90.0007,89.9991
522,523,206,80.0,0.4688,0.375,0.1562,9.3458,9.3454,9.3454,90.0034,90.0037,89.9967
523,524,206,80.0,0.0,0.25,0.75,10.0687,10.0687,10.0687,90.0016,90.0015,89.9977
524,525,33,80.0,0.4375,0.1875,0.375,10.4559,8.9407,9.5672,90.0023,90.0006,90.0006
525,526,167,60.0,0.8333,0.0,0.1667,9.8796,4.9396,13.3968,89.9871,90.0137,120.0018
526,527,33,40.0,0.75,0.0,0.25,5.0856,8.7112,9.3419,90.0048,90.0016,90.0008
527,528,167,30.0,0.75,0.25,0.0,4.8741,4.8738,13.2515,89.9879,90.0131,120.0014
528,529,227,40.0,0.625,0.0,0.375,6.0327,6.0321,14.2345,90.0137,90.0032,120.0018
529,530,194,80.0,0.2812,0.375,0.3438,6.546,6.5457,24.3292,90.0104,90.0042,119.9928
530,531,206,80.0,0.0,0.8438,0.1562,9.5422,9.5422,9.5418,90.0053,90.0045,89.9936
531,532,33,80.0,0.0938,0.4375,0.4688,10.7205,9.1564,9.7779,89.9992,89.9993,90.0003
532,533,12,80.0,0.3125,0.6875,0.0,24.5968,6.0802,5.8132,89.9998,103.7689,90.0002
533,534,12,20.0,0.0,0.625,0.375,12.4114,3.1895,6.2612,90.0002,104.6927,90.0001
534,535,12,80.0,0.3125,0.5625,0.125,24.5638,6.1501,5.9411,89.9998,104.1265,90.0001
535,536,206,80.0,0.0,0.3438,0.6562,9.9855,9.9855,9.9855,90.0022,90.0019,89.99700000000001
536,537,33,80.0,0.0938,0.1562,0.75,11.0325,9.3924,10.0166,90.0001,89.9975,90.0002
537,538,206,80.0,0.125,0.0,0.875,10.1271,10.127,10.1273,90.0005,90.0007,89.9993
538,539,33,40.0,0.875,0.125,0.0,4.9177,8.4516,9.0821,90.0049,90.0024,90.0014
539,540,206,80.0,0.125,0.875,0.0,9.3513,9.3512,9.3507,90.0059,90.0051,89.9933
540,541,227,40.0,0.8125,0.0,0.1875,9.751,5.6595,13.963,90.9688,91.1227,30.5186
541,542,12,80.0,0.5625,0.0,0.4375,24.2215,6.2539,6.211,89.9996,105.0442,90.0001
542,543,33,80.0,0.5938,0.3125,0.0938,10.0708,8.6424,9.269,90.0027,90.00200000000002,90.0013
543,544,227,40.0,0.5625,0.125,0.3125,6.0095,6.0088,14.192,90.0146,90.0029,120.0021
544,545,227,40.0,0.6875,0.0,0.3125,5.9643,5.964,14.544,90.0301,89.9857,120.0018
545,546,206,80.0,0.6875,0.0312,0.2812,9.365,9.3644,9.3647,90.0017,90.0026,89.9991
546,547,167,30.0,0.75,0.0833,0.1667,4.9604,4.9602,13.4383,89.9886,90.0123,120.0016
547,548,227,40.0,0.4375,0.25,0.3125,10.3013,5.9635,14.5094,87.9248,87.6072,30.2714
548,549,206,80.0,0.5,0.3125,0.1875,9.3604,9.36,9.3601,90.0031,90.0034,89.9971
549,550,167,30.0,0.75,0.25,0.0,4.8741,4.8738,13.2515,89.9879,90.0131,120.0014
550,551,227,40.0,0.5,0.25,0.25,9.8692,5.7321,14.1649,91.1615,91.3477,30.5864
551,552,206,80.0,0.0938,0.125,0.7812,10.0571,10.057,10.0572,90.0011,90.0012,89.9985
552,553,167,30.0,0.5,0.25,0.25,5.0655,5.0652,13.6565,89.9928,90.0079,120.0012
553,554,227,40.0,0.25,0.4375,0.3125,6.0841,6.0842,14.805,90.0097,89.9857,119.9987
554,555,194,10.0,0.25,0.5,0.25,3.2434,3.2433,12.1161,90.0088,90.0037,119.9938
555,556,33,80.0,0.5,0.2812,0.2188,10.2533,8.7846,9.4108,90.0023,90.0014,90.0009
556,557,194,80.0,0.0625,0.9375,0.0,6.3644,6.3645,24.0519,90.0014,90.007,119.995
557,558,33,80.0,0.5312,0.4062,0.0625,10.0654,8.6411,9.2663,90.00200000000002,90.00200000000002,90.0015
558,559,33,80.0,0.125,0.0938,0.7812,11.0526,9.4062,10.0311,90.0005,89.9973,90.0002
559,560,167,30.0,0.5833,0.0833,0.3333,5.0881,5.0878,13.7084,89.9916,90.0089,120.0015
560,561,194,80.0,0.0,0.4062,0.5938,6.8226,6.8221,24.8628,90.0012,89.9937,119.9871
561,562,206,80.0,0.5,0.1875,0.3125,9.4712,9.4708,9.471,90.0022,90.0027,89.99799999999998
562,563,33,40.0,0.5,0.0,0.5,5.2826,9.0207,9.6494,90.0033,90.0001,90.0006
563,564,206,80.0,0.5625,0.4375,0.0,9.168,9.1675,9.1675,90.0042,90.0044,89.9963
564,565,227,40.0,0.1875,0.0625,0.75,6.3388,6.3385,15.4937,89.9839,90.0166,119.9914
565,566,206,80.0,0.5,0.5,0.0,9.1942,9.1938,9.1937,90.0044,90.0045,89.9959
566,567,194,10.0,0.5,0.0,0.5,3.2964,3.2962,12.1828,90.0168,90.0124,119.9929
567,568,227,40.0,0.3125,0.5,0.1875,10.2177,5.9187,14.5809,90.9034,91.0498,30.3243
568,569,206,80.0,0.3438,0.0,0.6562,9.8415,9.8412,9.8416,90.0008,90.0013,89.9993
569,570,194,80.0,0.5,0.1875,0.3125,6.4539,6.4536,24.1244,90.0147,90.0086,119.9956
570,571,194,80.0,0.25,0.4062,0.3438,6.5561,6.5558,24.3527,90.0092,90.0037,119.9925
571,572,167,30.0,0.0,0.25,0.75,5.4486,5.4481,14.4666,89.9988,89.9993,120.0009
572,573,167,30.0,0.5833,0.0833,0.3333,5.0881,5.0878,13.7084,89.9916,90.0089,120.0015
573,574,12,80.0,0.25,0.5,0.25,24.5958,6.2379,6.082000000000002,89.9999,104.4479,90.0001
574,575,12,20.0,0.625,0.375,0.0,12.1361,2.9957,5.7492,89.9994,103.8806,90.0002
575,576,227,40.0,0.8125,0.125,0.0625,5.7777,5.7775,13.8926,90.0038,89.9954,119.9992
576,577,227,40.0,0.0,0.25,0.75,6.3907,6.3907,15.6948,89.9996,89.9939,120.0011
577,578,33,40.0,0.1875,0.0625,0.75,5.4944,9.355,9.9808,90.0011,89.9977,90.0003
578,579,206,80.0,0.2812,0.0,0.7188,9.9231,9.9229,9.9232,90.0007,90.0011,89.9993
579,580,167,30.0,0.0,0.5,0.5,5.319,5.3184,14.1862,89.9999,89.9995,120.0005
580,581,167,30.0,0.4167,0.5833,0.0,4.9566,4.9562,13.4178,89.9938,90.0075,120.0007
581,582,206,80.0,0.0,0.3125,0.6875,10.0132,10.0133,10.0133,90.00200000000002,90.0018,89.9973
582,583,33,80.0,0.375,0.0625,0.5625,10.6931,9.1229,9.7501,90.0023,89.9994,90.0005
583,584,206,80.0,0.0,0.5,0.5,9.847,9.847,9.8468,90.0031,90.0027,89.99600000000002
584,585,33,80.0,0.1562,0.0938,0.75,11.0033,9.3675,9.9927,90.0008,89.9976,90.0003
585,586,167,30.0,0.9167,0.0833,0.0,4.8328,4.8326,13.1683,89.9848,90.016,120.0018
586,587,167,30.0,0.9167,0.0833,0.0,4.8328,4.8326,13.1683,89.9848,90.016,120.0018
587,588,167,60.0,0.75,0.0833,0.1667,9.9209,4.9602,13.4383,89.9886,90.0123,120.0016
588,589,227,40.0,0.3125,0.125,0.5625,6.2092,6.2047,15.2068,90.0431,86.7469,120.0113
589,590,227,40.0,0.375,0.625,0.0,10.0383,5.8109,14.0393,90.7086,90.8207,30.2602
590,591,12,20.0,0.5,0.5,0.0,12.201,3.0134,5.7748,89.9995,103.8357,90.0002
591,592,167,30.0,0.25,0.0,0.75,5.3867,5.3862,14.3418,89.9956,90.0029,120.0014
592,593,167,30.0,0.0,0.1667,0.8333,5.4918,5.4913,14.56,89.9984,89.9993,120.001
593,594,167,30.0,0.5,0.5,0.0,4.936,4.9356,13.3762,89.9923,90.0089,120.0009
594,595,227,40.0,0.125,0.875,0.0,10.0112,5.8192,14.4072,91.3859,91.6103,30.6656
595,596,12,80.0,0.0,0.5938,0.4062,24.8145,6.3964,6.2933,90.0002,104.7733,90.0001
596,597,33,40.0,0.125,0.0,0.875,5.5783,9.4849,10.1107,90.0008,89.9967,90.0004
597,598,194,80.0,0.0,0.25,0.75,6.9377,6.9372,25.0641,90.0072,89.988,119.9857
598,599,33,40.0,0.625,0.0,0.375,5.1841,8.8659,9.4956,90.0041,90.0009,90.0007
599,600,206,80.0,0.375,0.3438,0.2812,9.4959,9.4956,9.4956,90.0029,90.0031,89.9969
